Sat Jan  4 15:39:58 +03 2025,admin,Hatalı Giriş
Sat Jan  4 17:46:14 +03 2025,admbvj,Hatalı Giriş
Sat Jan  4 18:25:32 +03 2025,admin1,Hatalı Giriş
Sat Jan  4 18:25:45 +03 2025,admin1,Hatalı Giriş
Sat Jan  4 18:28:30 +03 2025,,Hatalı Giriş
Sat Jan  4 22:57:53 +03 2025,admin1,Hatalı Giriş
Sat Jan  4 23:50:46 +03 2025,admin,Hatalı Giriş
Sun Jan  5 00:00:54 +03 2025,admin1,Hatalı Giriş
Sun Jan  5 00:01:03 +03 2025,admin1,Hatalı Giriş
Sun Jan  5 00:01:18 +03 2025,admin1,Hatalı Giriş
Sun Jan  5 00:01:20 +03 2025,admin1,kullanici kilitlendi
Sun Jan  5 00:01:36 +03 2025,user,Yetkisiz Giriş Denmesi
Sun Jan  5 08:25:04 +03 2025,user,Yetkisiz Giriş Denmesi
Sun Jan  5 08:25:31 +03 2025,admin1,Hatalı Giriş
Sun Jan  5 08:25:39 +03 2025,admin1,Hatalı Giriş
Sun Jan  5 08:25:50 +03 2025,admin1,Hatalı Giriş
Sun Jan  5 08:25:52 +03 2025,admin1,kullanici kilitlendi
Sun Jan  5 08:26:12 +03 2025,user,Yetkisiz Giriş Denmesi
Sun Jan  5 08:30:18 +03 2025,admin1,Hatalı Giriş
Sun Jan  5 08:30:28 +03 2025,admin1,Hatalı Giriş
Sun Jan  5 08:30:37 +03 2025,admin1,Hatalı Giriş
Sun Jan  5 08:30:38 +03 2025,admin1,kullanici kilitlendi
Sun Jan  5 08:33:27 +03 2025,admin11,Hatalı Giriş
Sun Jan  5 08:33:35 +03 2025,admin1,Hatalı Giriş
Sun Jan  5 08:33:43 +03 2025,admin1,Hatalı Giriş
Sun Jan  5 08:33:45 +03 2025,admin1,kullanici kilitlendi
Sun Jan  5 08:39:00 +03 2025,admin1,Hatalı Giriş
Sun Jan  5 08:39:10 +03 2025,admin1,Hatalı Giriş
Sun Jan  5 08:39:18 +03 2025,admin1,Hatalı Giriş
Sun Jan  5 08:39:20 +03 2025,admin1,kullanici kilitlendi
Sun Jan  5 08:43:09 +03 2025,admin1,Hatalı Giriş
Sun Jan  5 08:43:17 +03 2025,admin1,Hatalı Giriş
Sun Jan  5 08:43:27 +03 2025,admin1,Hatalı Giriş
Sun Jan  5 08:43:29 +03 2025,admin1,kullanici kilitlendi
Sun Jan  5 08:43:38 +03 2025,admin1,Hatalı Giriş
Sun Jan  5 09:44:05 +03 2025,user,Hatalı Giriş
Sun Jan  5 09:44:19 +03 2025,user,Hatalı Giriş
Sun Jan  5 09:44:29 +03 2025,user,Hatalı Giriş
Sun Jan  5 09:44:36 +03 2025,user,kullanici kilitlendi
Sun Jan  5 09:45:29 +03 2025,user,Yetkisiz Giriş Denmesi
Sun Jan  5 09:45:40 +03 2025,user,Yetkisiz Giriş Denmesi
Sun Jan  5 09:45:42 +03 2025,user,Yetkisiz Giriş Denmesi
Sun Jan  5 09:46:17 +03 2025,user,Yetkisiz Giriş Denmesi
